id,pattern,rule_text,school,source_url,confidence,tags,lang,created_at
1,Yin_Si_Shen_punishment,"Инь (Тигр), Сы (Змея) и Шэнь (Обезьяна) образуют «Наказание неблагодарности» (无恩之刑). Каждая ветвь вредит следующей в треугольнике дисгармонии. Связано с несчастными случаями, судебными неприятностями и конфликтами между людьми, которые должны быть союзниками. При наличии всех трёх в карте или активации циклом — наказание полное. Даже две ветви частично его запускают.",classical,local:наказания.md,high,"[""Yin"",""Si"",""Shen"",""punishment"",""earthly_branch"",""wood"",""fire"",""metal""]",en,2026-03-19 18:33:03.91574+00
2,Chou_Wei_Xu_punishment,"Чоу (Бык), Вэй (Коза) и Сюй (Собака) образуют «Наказание силой» (持势之刑). Три хранилища Земли в столкновении. Упрямство, борьба за власть и хронические проблемы со здоровьем (желудок, селезёнка). При активации двух из трёх — судебные споры и трудные конфликты с властью.",classical,local:наказания.md,high,"[""Chou"",""Wei"",""Xu"",""punishment"",""earthly_branch"",""earth""]",en,2026-03-19 18:33:03.91574+00
3,Zi_Mao_punishment,"Цзы (Крыса) и Мао (Кролик) образуют «Наказание бесцеремонности» (无礼之刑). Связано с нарушением социальных норм, сексуальными скандалами и нарушением границ. Часто встречается в картах людей, которым трудно следовать правилам. При активации в цикле удачи — судебные иски или общественные скандалы.",classical,local:наказания.md,high,"[""Zi"",""Mao"",""punishment"",""earthly_branch"",""water"",""wood""]",en,2026-03-19 18:33:03.91574+00
4,Chen_Chen_self_punishment,"Чэнь (Дракон) наказывает сам себя при наличии двух Чэнь в натальной карте. Самонаказание связано с самосаботажем — человек действует против собственных интересов в критические моменты. Проблемы со здоровьем желудка и пищеварения. Чем больше ветвей Чэнь, тем выраженнее тенденция к самодеструкции.",classical,local:наказания.md,high,"[""Chen"",""punishment"",""self_punishment"",""earthly_branch"",""earth""]",en,2026-03-19 18:33:03.91574+00
5,Wu_Wu_self_punishment,"У (Лошадь) наказывает само себя при двух У в карте. Связано с избыточной энергией Огня, обращённой внутрь: тревога, сердечные проблемы и импульсивный самовред (поспешные решения, причиняющие вред себе). В годы и месяцы У это самонаказание активируется особенно сильно.",classical,local:наказания.md,high,"[""Wu"",""punishment"",""self_punishment"",""earthly_branch"",""fire""]",en,2026-03-19 18:33:03.91574+00
6,You_You_self_punishment,"Ю (Петух) наказывает само себя. Металл режет Металл — перфекционизм доведённый до крайности, самокритика и проблемы с дыхательной системой. В циклах удачи с акцентом на Ю человек может изолироваться или подрывать собственные достижения избыточным самосудом.",classical,local:наказания.md,high,"[""You"",""punishment"",""self_punishment"",""earthly_branch"",""metal""]",en,2026-03-19 18:33:03.91574+00
7,Hai_Hai_self_punishment,"Хай (Свинья) самонаказание. Двойной Хай создаёт мутную Воду — замешательство, размытые границы и трудности с принятием решений. Связано со склонностью к зависимостям и эскапизму. Когда цикл удачи или годовой столп активирует это, человеку трудно удерживать чёткое направление.",classical,local:наказания.md,high,"[""Hai"",""punishment"",""self_punishment"",""earthly_branch"",""water""]",en,2026-03-19 18:33:03.91574+00
8,strong_daymaster_general,"Сильный Хозяин Дня обладает обильным самоэлементом — звёзды Ресурса и Компаньона заполняют месяц, год или несколько столпов, — и появляется в своём сезоне. Сильный Хозяин Дня выигрывает от звёзд Продуктивности, Богатства и Власти, которые дренируют и направляют избыточную энергию. Слишком много самоэлемента без выходов вызывает стагнацию, высокомерие и заблокированный потенциал.",classical,local:сила-хозяина-дня.md,high,"[""daymaster"",""strong"",""resource"",""companion""]",en,2026-03-19 18:33:04.162154+00
9,weak_daymaster_general,"Слабый Хозяин Дня испытывает нехватку поддерживающих звёзд Ресурса и Компаньона и появляется вне своего продуктивного сезона. Ему нужны звёзды Ресурса (элемент, порождающий самоэлемент) и звёзды Компаньона. Звёзды Богатства, Продуктивности и Власти дополнительно дренируют слабого Хозяина Дня и неблагоприятны без баланса.",classical,local:сила-хозяина-дня.md,high,"[""daymaster"",""weak"",""resource"",""companion""]",en,2026-03-19 18:33:04.162154+00
10,Jia_strong_summer_weak,"Хозяин Дня Цзя Дерево, рождённый летом (месяцы Сы, У, Вэй), ослаблен, так как Дерево чрезмерно питает Огонь. Звезда Продуктивности (Огонь) истощает силу. Без сильной Воды (Ресурс) или Земли (Богатство) для баланса Хозяин Дня испытывает трудности с поддержанием энергии. Благоприятные циклы удачи приносят сезоны Воды или Металла.",classical,local:сила-хозяина-дня.md,high,"[""Jia"",""daymaster"",""wood"",""fire"",""summer"",""weak""]",en,2026-03-19 18:33:04.162154+00
11,Geng_born_autumn_strong,"Хозяин Дня Гэн Металл, рождённый осенью (месяцы Шэнь, Ю, Сюй), находится в своём сезоне и естественно силён. Нуждается в Воде как Продуктивности для выражения своего качества (Вода = интеллект, письмо, мастерство). Слишком много Земли как Ресурса накапливается и погребает Металл. Лучшие циклы удачи — с Водой или Деревом (Богатство).",classical,local:сила-хозяина-дня.md,high,"[""Geng"",""daymaster"",""metal"",""autumn"",""Shen"",""You"",""Xu"",""strong""]",en,2026-03-19 18:33:04.162154+00
12,Ren_born_winter_strong,"Хозяин Дня Жэнь Вода, рождённый зимой (месяцы Хай, Цзы, Чоу), находится на пике силы. Карта-наводнение — необходима Земля как Власть/Богатство для сдерживания воды и Дерево как Продуктивность для её дренажа. Без этого энергия бесконтрольна. Высокопродуктивные люди при правильном направлении; рассеянные и беспокойные — иначе.",classical,local:сила-хозяина-дня.md,high,"[""Ren"",""daymaster"",""water"",""winter"",""Hai"",""Zi"",""Chou"",""strong""]",en,2026-03-19 18:33:04.162154+00
13,fire_daymaster_water_clash,"Для слабого Хозяина Дня Огня звезда Власти (Вода) скорее угрожает, чем придаёт сил. Вода контролирует Огонь, а слабый Огонь не справляется с сильной энергией Чиновника/Власти без предварительного укрепления. Сильная Вода в цикле удачи может вызвать давление на карьеру, стресс для здоровья и конфликты в отношениях.",classical,local:сила-хозяина-дня.md,high,"[""Bing"",""Ding"",""daymaster"",""fire"",""water"",""clash"",""power"",""weak""]",en,2026-03-19 18:33:04.162154+00
14,Zi_Chou_combine,"Цзы (Крыса) и Чоу (Бык) образуют шестое соединение, трансформирующееся в Землю при доминировании Земли. Иначе они «связаны» — каждая ветвь теряет часть независимой энергии. Эта связь может нейтрализовать столкновение Цзы–У, если Чоу присутствует рядом.",classical,local:соединения.md,high,"[""Zi"",""Chou"",""combine"",""earthly_branch"",""water"",""earth""]",en,2026-03-19 18:33:04.305404+00
15,Yin_Hai_combine,Инь (Тигр) и Хай (Свинья) соединяются и порождают Дерево. Вода Хай питает Дерево Инь. Это соединение усиливает хозяев дня Дерева при наличии обоих в карте или цикле удачи. Часто связано с литературным талантом и творческой самовыражённостью.,classical,local:соединения.md,high,"[""Yin"",""Hai"",""combine"",""earthly_branch"",""wood"",""water""]",en,2026-03-19 18:33:04.305404+00
16,Mao_Xu_combine,"Мао (Кролик) и Сюй (Собака) соединяются и трансформируются в Огонь при соответствующих условиях. Классические тексты отмечают, что это порождает сильные эмоции и страсть. Хранилище Сюй открывается, Дерево Мао питает скрытый Огонь — создавая интенсивность в отношениях.",classical,local:соединения.md,high,"[""Mao"",""Xu"",""combine"",""earthly_branch"",""wood"",""earth"",""fire""]",en,2026-03-19 18:33:04.305404+00
17,Chen_You_combine,Чэнь (Дракон) и Ю (Петух) соединяются и производят Металл. Когда это соединение формируется в цикле удачи для хозяина дня Металла — часто наступает период значительного усиления и достижений.,classical,local:соединения.md,high,"[""Chen"",""You"",""combine"",""earthly_branch"",""earth"",""metal""]",en,2026-03-19 18:33:04.305404+00
18,Si_Shen_combine,"Сы (Змея) и Шэнь (Обезьяна) соединяются и производят Воду. Оба несут скрытую Воду, и соединение вытягивает водную энергию. Противоречивая природа — они также слабо сталкиваются — делает это одним из наименее стабильных соединений.",classical,local:соединения.md,high,"[""Si"",""Shen"",""combine"",""earthly_branch"",""fire"",""metal"",""water""]",en,2026-03-19 18:33:04.305404+00
19,Wu_Wei_combine,"У (Лошадь) и Вэй (Коза) соединяются, усиливая энергию Огня–Земли. Обе ветви летние. Для хозяев дня Огня и Земли этот период в цикле удачи часто бывает процветающим и активным.",classical,local:соединения.md,high,"[""Wu"",""Wei"",""combine"",""earthly_branch"",""fire"",""earth""]",en,2026-03-19 18:33:04.305404+00
20,Jia_Ji_combine,"Цзя (Ян Дерево) и Цзи (Инь Земля) соединяются и трансформируются в Землю при доминировании Земли. Это соединение ослабляет хозяев дня Цзя, связывая их самоэлемент. Когда трансформация не происходит, Цзя «занят» и теряет решительную, направленную вовне энергию.",classical,local:соединения.md,high,"[""Jia"",""Ji"",""combine"",""heavenly_stem"",""wood"",""earth""]",en,2026-03-19 18:33:04.305404+00
21,Yi_Geng_combine,"И (Инь Дерево) и Гэн (Ян Металл) соединяются и трансформируются в Металл. Металл контролирует Дерево. При трансформации для хозяина дня И самоэлемент поглощается. Связано с утончённостью, дисциплиной, а иногда — со здоровьем лёгких и печени.",classical,local:соединения.md,high,"[""Yi"",""Geng"",""combine"",""heavenly_stem"",""wood"",""metal""]",en,2026-03-19 18:33:04.305404+00
22,Bing_Xin_combine,"Бин (Ян Огонь) и Синь (Инь Металл) соединяются и трансформируются в Воду. Для хозяина дня Бин это соединение в цикле удачи или году производит Воду — звезду Власти/Чиновника — часто принося карьерный рост, но и пристальное внимание.",classical,local:соединения.md,high,"[""Bing"",""Xin"",""combine"",""heavenly_stem"",""fire"",""metal"",""water""]",en,2026-03-19 18:33:04.305404+00
23,Ding_Ren_combine,Дин (Инь Огонь) и Жэнь (Ян Вода) соединяются и трансформируются в Дерево. Классические тексты считают это «романтическим соединением». Для хозяина дня Воды встреча с Дин производит звезду Ресурса через трансформацию.,classical,local:соединения.md,high,"[""Ding"",""Ren"",""combine"",""heavenly_stem"",""fire"",""water"",""wood""]",en,2026-03-19 18:33:04.305404+00
24,Wu_Gui_combine,У (Ян Земля) и Гуй (Инь Вода) соединяются и трансформируются в Огонь. Гора встречает дождь — и результат тепло. Для хозяина дня Земля это соединение приносит энергию Компаньона через Огонь — создавая поддержку или конкуренцию в зависимости от баланса карты.,classical,local:соединения.md,high,"[""Wu"",""Gui"",""combine"",""heavenly_stem"",""earth"",""water"",""fire""]",en,2026-03-19 18:33:04.305404+00
25,Zi_Wu_clash,"Цзы (Крыса / Вода) и У (Лошадь / Огонь) — прямое столкновение: Вода атакует Огонь. Когда это столкновение активируется циклом удачи или годовым столпом, оно дестабилизирует дворец, которому принадлежит: дворец дня — отношения и тело; дворец года — предки и раннее детство; дворец месяца — карьера и родители. Может затронуть здоровье сердца и почек.",classical,local:столкновения.md,high,"[""Zi"",""Wu"",""clash"",""earthly_branch"",""water"",""fire""]",en,2026-03-19 18:33:04.451145+00
26,Chou_Wei_clash,"Чоу (Бык) и Вэй (Коза) — оба несут Землю, но сталкиваются. Столкновение Земли с Землёй нарушает «хранилища». При активации скрытые стебли внутри обоих ветвей становятся нестабильными. Финансовые резервы (Чоу хранит богатство) могут быть подорваны.",classical,local:столкновения.md,high,"[""Chou"",""Wei"",""clash"",""earthly_branch"",""earth""]",en,2026-03-19 18:33:04.451145+00
27,Yin_Shen_clash,"Инь (Тигр / Дерево) и Шэнь (Обезьяна / Металл) сталкиваются: Металл рубит Дерево. Внезапные перемены в поездках, движении и транспорте. Смены карьеры и неожиданные переезды характерны, когда это столкновение активируется в цикле удачи.",classical,local:столкновения.md,high,"[""Yin"",""Shen"",""clash"",""earthly_branch"",""wood"",""metal""]",en,2026-03-19 18:33:04.451145+00
28,Mao_You_clash,"Мао (Кролик / Инь Дерево) и Ю (Петух / Металл) сталкиваются. Прямое Металл-над-Деревом. Часто возникают судебные споры и проблемы с документами. В столпах дня это столкновение несёт постоянное напряжение в отношениях, которое обостряется в годы Ю и Мао.",classical,local:столкновения.md,high,"[""Mao"",""You"",""clash"",""earthly_branch"",""wood"",""metal""]",en,2026-03-19 18:33:04.451145+00
29,Chen_Xu_clash,"Чэнь (Дракон) и Сюй (Собака) — оба несут Землю и сталкиваются. Известно как «небесное столкновение»: оба являются хранилищами, и их столкновение резко вскрывает скрытые стебли. Классические тексты связывают это с нестабильностью психики и «открытием могилы».",classical,local:столкновения.md,high,"[""Chen"",""Xu"",""clash"",""earthly_branch"",""earth""]",en,2026-03-19 18:33:04.451145+00
30,Si_Hai_clash,"Сы (Змея / Огонь) и Хай (Свинья / Вода) сталкиваются: Вода гасит Огонь. Связано с нарушением звёзд интеллекта и продуктивности. Передвижения, поездки и контракты могут быть сорваны, когда это столкновение появляется в цикле удачи.",classical,local:столкновения.md,high,"[""Si"",""Hai"",""clash"",""earthly_branch"",""fire"",""water""]",en,2026-03-19 18:33:04.451145+00
31,luck_cycle_general_reading,"10-летний цикл удачи является доминирующим влиянием на натальную карту. Благоприятный цикл удачи может раскрыть скрытый потенциал в хорошей натальной карте и спасти сложную. Неблагоприятный цикл подавляет даже сильную карту. Всегда читайте натальную карту И текущий столп цикла удачи вместе — стебель и ветвь цикла могут соединяться или сталкиваться с натальными столпами, полностью меняя баланс карты.",classical,local:циклы-удачи.md,high,"[""luck_cycle"",""daymaster"",""strong"",""weak"",""output"",""wealth"",""power"",""resource""]",en,2026-03-19 18:33:04.60213+00
32,luck_cycle_stem_activates_natal,"Стебель цикла удачи взаимодействует прежде всего с натальными стеблями (уровень небесных стеблей). Соединяющийся стебель цикла может занять или трансформировать натальный стебель, временно убирая этот элемент из игры. Сталкивающийся стебель цикла атакует натальный, создавая волнения в звёздах этого элемента на весь 10-летний период.",classical,local:циклы-удачи.md,high,"[""luck_cycle"",""heavenly_stem"",""combine"",""clash"",""activation""]",en,2026-03-19 18:33:04.60213+00
33,luck_cycle_branch_activates_natal,"Ветвь цикла удачи взаимодействует с натальными ветвями (уровень земных ветвей). Соединения и столкновения ветвей открывают или закрывают хранилища (Чэнь, Сюй, Чоу, Вэй), высвобождая скрытые стебли. Этот второй слой взаимодействия часто производит конкретные жизненные события — стебель указывает тему, ветвь определяет что именно происходит.",classical,local:циклы-удачи.md,high,"[""luck_cycle"",""earthly_branch"",""combine"",""clash"",""activation""]",en,2026-03-19 18:33:04.60213+00
34,annual_pillar_trigger,"Годовой столп действует как триггер поверх цикла удачи. Событие, предсказанное циклом удачи, как правило проявляется, когда стебель или ветвь годового столпа соединяется или сталкивается с натальным элементом или элементом цикла удачи. Без годового триггера потенциал цикла удачи остаётся латентным.",classical,local:циклы-удачи.md,high,"[""year"",""annual"",""luck_cycle"",""activation"",""clash"",""combine""]",en,2026-03-19 18:33:04.60213+00
35,favorable_unfavorable_cycle_assessment,"Цикл удачи благоприятен, если он приносит то, что нужно Хозяину Дня: слабому нужны циклы Ресурса и Компаньона; сильному нужны циклы Продуктивности, Богатства и Власти. Оценка всегда относительна к текущему балансу карты — один и тот же элемент цикла может быть благоприятен для одного человека и неблагоприятен для другого в зависимости от их натальной карты.",classical,local:циклы-удачи.md,high,"[""luck_cycle"",""favorable"",""unfavorable"",""daymaster"",""balance""]",en,2026-03-19 18:33:04.60213+00
36,hour_pillar_role_in_luck,"Столп часа — четвёртый столп карты — представляет старость, детей и скрытые желания. Его стебель и ветвь также активируются циклами удачи и годовыми столпами. Неизвестный час означает неполную карту: отсутствует один из восьми знаков, что существенно ограничивает точность предсказаний, особенно в зрелом возрасте и в вопросах потомства.",classical,local:циклы-удачи.md,high,"[""hour"",""luck_cycle"",""activation"",""earthly_branch"",""heavenly_stem""]",en,2026-03-19 18:33:04.60213+00
37,Jin_Gui_hour,"The Jin Gui (Golden Vault) hour is considered one of the most auspicious stars associated with wealth, prosperity, and financial opportunities. It is ideal for actions aimed at attracting money, investments, business deals, and career advancement.",classical,https://fourpillars.ru/articles/147,high,"[""hour_star"",""wealth"",""auspicious"",""Tong_Shu""]",ru,2026-03-19 18:34:29.769976+00
38,Jin_Gui_hour_actions,"The Jin Gui hour is used for: concluding deals (buying, selling, signing contracts), salary negotiations, opening a business, making investments (real estate, stocks, cryptocurrency), and financial planning.",classical,https://fourpillars.ru/articles/147,high,"[""hour_star"",""wealth"",""action_timing""]",ru,2026-03-19 18:34:29.769976+00
39,Jin_Gui_hour_determination,"Jin Gui hours are determined by the combination of the Earthly Branch of the current day and the hour. The approximate scheme is: Day (Zi, Chou, Yin, Mao, Chen, Si, Wu, Wei, Shen, You, Xu, Hai) corresponds to Jin Gui Hour (Zi, Yin, Chen, Wu, Shen, Xu, Zi, Yin, Chen, Wu, Shen, Xu).",classical,https://fourpillars.ru/articles/147,medium,"[""hour_star"",""earthly_branch"",""day_hour_combination"",""Tong_Shu""]",ru,2026-03-19 18:34:29.769976+00
40,Jin_Gui_activation,To activate Jin Gui for wealth: wear metal elements (gold/silver jewelry) and act decisively—do not miss opportunities.,classical,https://fourpillars.ru/articles/147,high,"[""hour_star"",""wealth"",""activation"",""metal_element""]",ru,2026-03-19 18:34:29.769976+00
41,Tian_Guan_hour,"The Tian Guan (Heavenly Official) hour is an auspicious time for matters related to authority, career, and official institutions. It attracts support from influential people and luck in resolving bureaucratic matters.",classical,https://fourpillars.ru/articles/146,high,"[""hour_selection"",""auspicious_timing"",""career"",""authority""]",ru,2026-03-19 18:34:47.953692+00
42,Tian_Guan_day_hour_mapping,"The Tian Guan hour is determined by the Heavenly Stem of the day. The mapping is: Jia day -> You (Rooster) hour, Yi day -> Shen (Monkey) hour, Bing day -> Hai (Pig) hour, Ding day -> Zi (Rat) hour, Wu day -> Mao (Rabbit) hour, Ji day -> Yin (Tiger) hour, Geng day -> Si (Snake) hour, Xin day -> Wu (Horse) hour, Ren day -> Wei (Goat) hour, Gui day -> Chou (Ox) hour. (Note: The text also lists Xu (Dog) and Chen (Dragon) but does not specify their corresponding day stems in the provided mapping).",classical,https://fourpillars.ru/articles/146,medium,"[""day_stem"",""earthly_branch"",""hour_calculation"",""Tong_Shu""]",ru,2026-03-19 18:34:47.953692+00
43,Tian_Guan_activation_rituals,"To enhance the effect of the Tian Guan hour: show respect to officials/superiors (without fawning), dress formally, speak clearly and to the point without extra emotion, and mentally ask for support from the Heavenly Official before an important meeting.",folk,https://fourpillars.ru/articles/146,medium,"[""ritual"",""enhancement"",""behavior""]",ru,2026-03-19 18:34:47.953692+00
44,personal_BaZi_selection,"The selection of an auspicious day and hour for initiating key actions (such as beginning a property search, contacting an agency, or placing advertisements) must be based on an individual's personal BaZi chart (Four Pillars of Destiny). This chart is a unique astrological profile reflecting a person's destiny and energetic characteristics.",classical,https://fourpillars.ru/articles/144,high,"[""day_selection"",""hour_selection"",""individual_chart""]",ru,2026-03-19 18:35:05.557361+00
45,harmonious_date_selection,"Dates should be chosen that harmoniously combine with an individual's personal energy to attract luck, financial prosperity, and stability.",classical,https://fourpillars.ru/articles/144,high,"[""harmony"",""energy"",""luck"",""prosperity""]",ru,2026-03-19 18:35:05.557361+00
46,comprehensive_process_integration,"In Chinese metaphysics, an activity like 'property search' is considered a comprehensive process that unites active market actions with a deep understanding of the influence of time and individual energy. Proper date selection using BaZi is integral to this process.",classical,https://fourpillars.ru/articles/144,medium,"[""process"",""time_influence"",""energy_influence""]",ru,2026-03-19 18:35:05.557361+00
47,activation_Warming_Money_Star,A ritual to activate the 'Money Star' energy for attracting financial benefits by lighting a candle in a specific sector of a room at a calculated auspicious day and hour.,classical,https://fourpillars.ru/articles/143,high,"[""activation"",""money_star"",""feng_shui"",""ritual""]",ru,2026-03-19 18:35:25.925673+00
48,avoid_hour_clash,The chosen hour for activation must be without clashes (avoiding conflicting energies).,classical,https://fourpillars.ru/articles/143,high,"[""hour_selection"",""clash_avoidance"",""timing""]",ru,2026-03-19 18:35:25.925673+00
49,avoid_annual_monthly_star_5,Avoid sectors containing the annual or monthly Star 5 (associated with negative energy) when selecting the activation location.,classical,https://fourpillars.ru/articles/143,high,"[""sector_selection"",""star_5"",""avoidance""]",ru,2026-03-19 18:35:25.925673+00
50,auspicious_money_hours,Prefer hours that are auspicious for money-related matters when performing the activation.,classical,https://fourpillars.ru/articles/143,high,"[""hour_selection"",""auspicious"",""money""]",ru,2026-03-19 18:35:25.925673+00
51,solar_time_calculation,"For Feng Shui purposes, use solar time (not social/clock time) to determine the exact start and end of an hour, which varies by city/region.",classical,https://fourpillars.ru/articles/143,high,"[""timing"",""solar_time"",""regional_adjustment""]",ru,2026-03-19 18:35:25.925673+00
52,sector_mapping_24,"Divide the room (home, apartment, office) into 24 sectors to accurately locate the activation sector and other Feng Shui areas.",classical,https://fourpillars.ru/articles/143,high,"[""sector_mapping"",""feng_shui"",""layout""]",ru,2026-03-19 18:35:25.925673+00
53,personal_Treasury_star,The Personal Treasury Star (墓 Mu) is an Earthly Branch that serves as the Treasury for the Wealth element of a specific person. It indicates ability to accumulate and preserve wealth and material possessions.,classical,https://fourpillars.ru/articles/142,high,"[""Treasury"",""Mu"",""wealth"",""earthly_branch"",""personal_star""]",ru,2026-03-19 18:35:54.897941+00
54,Treasury_day_usage,"A day with the Personal Treasury Star is favorable for acquiring real estate, long-term property, and making long-term bank deposits, as money will be preserved and grow.",classical,https://fourpillars.ru/articles/142,high,"[""day_selection"",""auspicious_day"",""acquisition"",""wealth""]",ru,2026-03-19 18:35:54.897941+00
55,wealth_element_determination,"The Wealth element for a person is determined from their Day Master (Personality Element) using the conquest cycle: Wood conquers Earth (Wealth), Fire conquers Metal (Wealth), Earth conquers Water (Wealth), Metal conquers Wood (Wealth), Water conquers Fire (Wealth).",classical,https://fourpillars.ru/articles/142,high,"[""wealth_element"",""conquest_cycle"",""day_master"",""five_elements""]",ru,2026-03-19 18:35:54.897941+00
56,Treasury_branch_mapping,"The Earthly Branch that serves as the Treasury for a given Wealth element is: Chen (Dragon) for Water, Xu (Dog) for Fire, Chou (Ox) for Metal, Wei (Goat) for Wood. For Earth as Wealth (when Day Master is Wood), all four Earth branches (Chen, Xu, Chou, Wei) are Treasuries.",classical,https://fourpillars.ru/articles/142,high,"[""earthly_branch"",""Treasury_mapping"",""Chen"",""Xu"",""Chou"",""Wei""]",ru,2026-03-19 18:35:54.897941+00
57,Treasury_calculation_method,To calculate one's Personal Treasury Star: 1) Determine Day Master from BaZi chart. 2) Determine Wealth element using conquest cycle. 3) Find corresponding Earthly Branch Treasury from mapping.,classical,https://fourpillars.ru/articles/142,high,"[""calculation"",""personal_star"",""wealth_element"",""earthly_branch""]",ru,2026-03-19 18:35:54.897941+00
58,Treasury_occurrence,"The Personal Treasury Star can appear within one's natal BaZi chart or come externally during luck periods (year, month, day).",classical,https://fourpillars.ru/articles/142,medium,"[""natal_chart"",""luck_period"",""timing""]",ru,2026-03-19 18:35:54.897941+00
59,Treasury_conceptual_basis,"The Treasury represents the 'tomb' phase in the development cycle of Qi, where the Wealth element is stored and preserved in the earth, hence associated with accumulation.",classical,https://fourpillars.ru/articles/142,medium,"[""tomb_phase"",""Qi_development"",""storage"",""concept""]",ru,2026-03-19 18:35:54.897941+00
60,Wangwangri_avoidance,"The Day of Emptiness (往亡日) is inauspicious for taking up a new official position, marriage, moving to a new house, starting construction work, concluding marriage contracts, or signing contracts. Using this day for such matters may lead to illness among elderly family members, legal difficulties, injuries to small children, or death in the family. Adverse effects may be felt for 60–120 days.",classical,https://fourpillars.ru/articles/141,high,"[""day_selection"",""Dong_Gong"",""avoidance"",""calendar""]",ru,2026-03-19 18:36:13.110438+00
61,Wangwangri_calculation,"Days of Emptiness (往亡日) are fixed to specific days within each month according to a yearly table. The calculation appears to relate to matching the 'Triangle' combinations (Combinations of Three) of Earthly Branches with seasons, specifically pairing Fire Triangle months with Wood season days, Wood Triangle months with Fire season days, Water Triangle months with Metal season days, and Metal Triangle months with Water season days.",classical,https://fourpillars.ru/articles/141,medium,"[""calendar"",""earthly_branch"",""season"",""triangle_combination""]",ru,2026-03-19 18:36:13.110438+00
62,Kongwang_concept,"空亡 (Kōng wáng) is a separate metaphysical concept involving two Earthly Branches that remain outside the decade pairs of Heavenly Stem and Earthly Branch. It is distinct from 往亡 (Wǎng wáng) in both name and calculation system, though the names are similar.",classical,https://fourpillars.ru/articles/141,high,"[""stem_branch"",""decade"",""metaphysics""]",ru,2026-03-19 18:36:13.110438+00
63,Dong_Gong_date_selection_method,"Date selection is based on the interaction between each of the 12 Day Rulers (Upright Officers) and the Earthly Branch of the month in which the day occurs, combined with the influence of astrological stars present on that day.",classical,https://fourpillars.ru/articles/140,high,"[""date_selection"",""Day_Ruler"",""earthly_branch"",""astrological_star""]",ru,2026-03-19 18:36:42.612375+00
64,Geng_Wu_day_in_Si_month,"For the Geng Wu day in the Si (Snake) month, it is governed by the Yellow Sand star but supported by the positive energy of the Monthly Virtue star. This makes it suitable for important events or beginnings such as repair/renovation, marriage, opening a business, travel, starting new academic studies, and moving to a new house. Using this day brings increased wealth/assets within 60-120 days and family expansion through noble children.",classical,https://fourpillars.ru/articles/140,high,"[""Geng"",""Wu"",""Si"",""Yellow_Sand"",""Monthly_Virtue""]",ru,2026-03-19 18:36:42.612375+00
65,Jia_Wu_Ren_Wu_days_in_Si_month,"For Jia Wu and Ren Wu days in the Si (Snake) month, they are similarly strengthened by positive energies from favorable stars: Yellow Spiral, Purple Sandalwood, Heavenly Emperor star, and Earthly Emperor star. This makes them suitable for the same activities as Geng Wu days.",classical,https://fourpillars.ru/articles/140,high,"[""Jia"",""Ren"",""Wu"",""Si"",""Yellow_Spiral"",""Purple_Sandalwood"",""Heavenly_Emperor"",""Earthly_Emperor""]",ru,2026-03-19 18:36:42.612375+00
66,Bing_Wu_Wu_Wu_days_in_Si_month,"For Bing Wu and Wu Wu days in the Si (Snake) month, they are accompanied by the negative star 'Drilling Heaven and Earth Sha', making them unsuitable for any activity or new beginnings.",classical,https://fourpillars.ru/articles/140,high,"[""Bing"",""Wu"",""Si"",""Drilling_Heaven_Earth_Sha""]",ru,2026-03-19 18:36:42.612375+00
67,Jia_Shen_Bing_Shen_Wu_Shen_days_in_Wu_month,"For Jia Shen, Bing Shen, and Wu Shen days in the Wu (Horse) month, they contain positive stars Heavenly Fortune and Heavenly Joy, making them favorable. They are considered 'secondary' auspicious days suitable for funerals, marriage, moving residence, opening business, and travel. However, they are not suitable for laying foundations.",classical,https://fourpillars.ru/articles/140,high,"[""Jia"",""Bing"",""Wu"",""Shen"",""Wu_month"",""Heavenly_Fortune"",""Heavenly_Joy""]",ru,2026-03-19 18:36:42.612375+00
68,Geng_Shen_day_in_Wu_month,"For Geng Shen day in the Wu (Horse) month, it is only suitable for burial and should not be used for repair or moving to a new house.",classical,https://fourpillars.ru/articles/140,high,"[""Geng"",""Shen"",""Wu_month""]",ru,2026-03-19 18:36:42.612375+00
69,Si_Fei_Day,"Days of Lost Time (四废日) are specific days in each season when the corresponding element's energy is extremely weak, making them inauspicious for important matters. They are divided into two sets: Four Losses (四废) and Four True Days of Lost Time (正四废).",classical,https://fourpillars.ru/articles/139,high,"[""seasonal"",""inauspicious_day"",""element_weakness""]",ru,2026-03-19 18:37:08.172264+00
70,Spring_Si_Fei,"Spring Days of Lost Time are Geng Shen (庚申) and Xin You (辛酉). In spring, Wood dominates and Metal is inactive/lost. These Metal element days have exceptionally weak energy during this season.",classical,https://fourpillars.ru/articles/139,high,"[""spring"",""Metal"",""Geng_Shen"",""Xin_You""]",ru,2026-03-19 18:37:08.172264+00
71,Summer_Si_Fei,"Summer Days of Lost Time are Ren Zi (壬子) and Gui Hai (癸亥). In summer, Fire dominates and Water is inactive. These Water element days have very low energy during this season.",classical,https://fourpillars.ru/articles/139,high,"[""summer"",""Water"",""Ren_Zi"",""Gui_Hai""]",ru,2026-03-19 18:37:08.172264+00
72,Autumn_Si_Fei,"Autumn Days of Lost Time are Jia Yin (甲寅) and Yi Mao (乙卯). In autumn, Metal dominates and Wood is inactive. These Wood element days have weak energy during this season.",classical,https://fourpillars.ru/articles/139,high,"[""autumn"",""Wood"",""Jia_Yin"",""Yi_Mao""]",ru,2026-03-19 18:37:08.172264+00
73,Winter_Si_Fei,"Winter Days of Lost Time are Bing Wu (丙午) and Ding Si (丁巳). In winter, Water dominates and Fire is inactive. These Fire element days have minimal energy during this season.",classical,https://fourpillars.ru/articles/139,high,"[""winter"",""Fire"",""Bing_Wu"",""Ding_Si""]",ru,2026-03-19 18:37:08.172264+00
74,Si_Fei_Yang,"Days of Lost Time (四废) are four Yang days, with one in each of the four seasons according to the Chinese calendar.",classical,https://fourpillars.ru/articles/139,high,"[""Yang_day"",""seasonal""]",ru,2026-03-19 18:37:08.172264+00
75,Zheng_Si_Fei_Yin,True Days of Lost Time (正四废) are Yin days in these seasons.,classical,https://fourpillars.ru/articles/139,high,"[""Yin_day"",""seasonal""]",ru,2026-03-19 18:37:08.172264+00
76,marriage_palace_day_branch,"The Earthly Branch of the day pillar in a BaZi chart is called the Marriage Palace (also known as House of Marriage, House of Spouse, or House of Family).",classical,https://fourpillars.ru/articles/138,high,"[""marriage_palace"",""day_pillar"",""earthly_branch""]",ru,2026-03-19 18:37:36.578112+00
77,triple_harmony_marriage_palace_full,"A full Triple Harmony (San He) of the Marriage Palace occurs when the Earthly Branch of the birth day appears together with the other two Earthly Branches that complete one of the three-harmony combinations (e.g., Yin-Wu-Xu, Shen-Zi-Chen, Si-You-Chou, Hai-Mao-Wei). These branches can come from any pillars (year, month, day, hour of birth) or current time periods (current year, month, day, hour).",classical,https://fourpillars.ru/articles/138,high,"[""triple_harmony"",""san_he"",""marriage_palace"",""earthly_branch"",""combination""]",ru,2026-03-19 18:37:36.578112+00
78,triple_harmony_marriage_palace_partial,"A partial Triple Harmony of the Marriage Palace occurs when only two of the three required Earthly Branches from a harmony combination are present, one of which is the Earthly Branch of the birth day (Marriage Palace). For example, if born on a Dog (Xu) day, any Horse (Wu) day creates partial harmony (missing Tiger/Yin).",classical,https://fourpillars.ru/articles/138,high,"[""triple_harmony"",""san_he"",""marriage_palace"",""partial"",""earthly_branch""]",ru,2026-03-19 18:37:36.578112+00
79,triple_harmony_combinations,"The three-harmony combinations of Earthly Branches are: 1) Yin (Tiger), Wu (Horse), Xu (Dog); 2) Shen (Monkey), Zi (Rat), Chen (Dragon); 3) Si (Snake), You (Rooster), Chou (Ox); 4) Hai (Pig), Mao (Rabbit), Wei (Goat).",classical,https://fourpillars.ru/articles/138,high,"[""triple_harmony"",""san_he"",""earthly_branch"",""combination""]",ru,2026-03-19 18:37:36.578112+00
80,triple_harmony_timing_effects,"Triple Harmony in the Marriage Palace can occur in different time frames: in a ten-year luck pillar, year, month, day, or hour. Its effects vary by duration: long-term periods (like luck pillars) may stimulate active partner search for singles or increase romance in existing relationships, while short periods (like a day or hour) are favorable for romantic meetings, dates, improving existing relationships, or establishing new contacts, but unlikely to cause major life changes.",classical,https://fourpillars.ru/articles/138,medium,"[""triple_harmony"",""marriage_palace"",""timing"",""effects"",""luck_pillar""]",ru,2026-03-19 18:37:36.578112+00
81,Yin_Yang_Error,"The Yin-Yang Error (Yin Cha Yang Cuo) is a concept for selecting auspicious dates. A person should avoid days with specific Heavenly Stem-Earthly Branch pairs for important actions based on the polarity (Yin or Yang) of their birth year's Heavenly Stem. These days can bring difficulties in relationships, misunderstandings, and are unsuitable for personal matters, social interactions, marriage proposals, weddings, reconciliations, or moving house.",classical,https://fourpillars.ru/articles/137,high,"[""date_selection"",""auspicious_day"",""yin_yang"",""stem_branch_pair""]",ru,2026-03-19 18:38:03.11524+00
82,Yin_Error,A person born in a year with a Yin Heavenly Stem is affected by the Yin Error. They must avoid specific days determined by the current month's Earthly Branch according to a lookup table.,classical,https://fourpillars.ru/articles/137,high,"[""yin_stem"",""error_type"",""month_branch""]",ru,2026-03-19 18:38:03.11524+00
83,Yang_Error,A person born in a year with a Yang Heavenly Stem is affected by the Yang Error. They must avoid specific days determined by the current month's Earthly Branch according to a lookup table.,classical,https://fourpillars.ru/articles/137,high,"[""yang_stem"",""error_type"",""month_branch""]",ru,2026-03-19 18:38:03.11524+00
84,Yin_Yang_Error_calculation_table,"The specific Stem-Branch pair to avoid for a given month's Earthly Branch is defined in a table. Example: For month branch Hai, Yang Error day is Gui-Hai, Yin Error day is Gui-Chou.",classical,https://fourpillars.ru/articles/137,high,"[""calculation"",""lookup_table"",""stem_branch_pair""]",ru,2026-03-19 18:38:03.11524+00
85,zodiac_Yang_Error_association,"People born in Yang zodiac years (Rat, Tiger, Dragon, Horse, Monkey, Dog) may encounter problems due to Yang Error.",classical,https://fourpillars.ru/articles/137,medium,"[""zodiac"",""simplification"",""yang_error""]",ru,2026-03-19 18:38:03.11524+00
86,zodiac_Yin_Error_association,"People born in Yin zodiac years (Ox, Rabbit, Snake, Goat, Rooster, Pig) may encounter problems due to Yin Error.",classical,https://fourpillars.ru/articles/137,medium,"[""zodiac"",""simplification"",""yin_error""]",ru,2026-03-19 18:38:03.11524+00
87,stem_branch_polarity_pairing,A Yang Heavenly Stem can only pair with a Yang Earthly Branch. This principle underlies the determination of Error days.,classical,https://fourpillars.ru/articles/137,high,"[""stem_branch"",""yin_yang"",""pairing_rule""]",ru,2026-03-19 18:38:03.11524+00
88,daymaster_personality_element,The Day Master (also called 'Lord of the Day' or 'Personality Element') is the Heavenly Stem of the day of birth. It represents the psychological 'self' and is the central reference point for analysis.,classical,https://fourpillars.ru/articles/135,high,"[""day_master"",""heavenly_stem"",""personality""]",ru,2026-03-19 18:39:06.630572+00
89,pillar_structure,"A complete BaZi chart consists of four pillars: Year, Month, Day, and Hour. Each pillar is composed of a Heavenly Stem (top) and an Earthly Branch (bottom).",classical,https://fourpillars.ru/articles/135,high,"[""four_pillars"",""heavenly_stem"",""earthly_branch"",""chart_structure""]",ru,2026-03-19 18:39:06.630572+00
90,heavenly_stem_interactions,"Heavenly Stems interact primarily through Clashes and Combinations (mergers). A Clash creates conflict, while a Combination brings harmony and peace.",classical,https://fourpillars.ru/articles/135,high,"[""heavenly_stem"",""clash"",""combination"",""interaction""]",ru,2026-03-19 18:39:06.630572+00
91,wuhe_personal_harmony_day,"A Day of Personal Harmony (Wu He / Five Combinations) occurs when the Heavenly Stem of a person's Day Master combines (merges) with the Heavenly Stem of the current day. This is described as a 'husband and wife union' where a Yang Stem subdues a Yin Stem according to the Control Cycle of the Five Elements, resulting in attraction and harmony rather than conflict.",classical,https://fourpillars.ru/articles/135,high,"[""wu_he"",""five_combinations"",""harmony_day"",""heavenly_stem_combination"",""day_master""]",ru,2026-03-19 18:39:06.630572+00
92,wuhe_combination_pairs,"The specific Heavenly Stem pairs that combine to create a Day of Personal Harmony are: Jia (Yang Wood) + Ji (Yin Earth); Yi (Yin Wood) + Geng (Yang Metal); Bing (Yang Fire) + Xin (Yin Metal); Ding (Yin Fire) + Ren (Yang Water); Wu (Yang Earth) + Gui (Yin Water). The combination is mutual (e.g., if Day Master is Wu, a Gui day is harmonious, and vice versa).",classical,https://fourpillars.ru/articles/135,high,"[""wu_he"",""combination_pairs"",""heavenly_stem"",""jia"",""yi"",""bing"",""ding"",""wu"",""ji"",""geng"",""xin"",""ren"",""gui""]",ru,2026-03-19 18:39:06.630572+00
93,harmony_day_manifestation,"On a Day of Personal Harmony, a person feels calmer, more even-tempered, and more attractive to others. It is favorable for public speaking, presentations, communication, persuasion, and building personal relationships, as one is less conflict-prone.",classical,https://fourpillars.ru/articles/135,medium,"[""harmony_day"",""manifestation"",""favorable_activity""]",ru,2026-03-19 18:39:06.630572+00
94,personal_vs_general_luck,"A day marked as generally inauspicious in a luck calendar can still be a Day of Personal Harmony for an individual, granting them relatively more luck in personal relationships compared to others on that day.",classical,https://fourpillars.ru/articles/135,medium,"[""harmony_day"",""luck_calendar"",""personal_luck""]",ru,2026-03-19 18:39:06.630572+00
95,DaXue_season_governor,"During the DaXue (Great Snow) season, the main ruling element is Water, and its power reaches its maximum.",classical,https://fourpillars.ru/articles/131,high,"[""season"",""element"",""Water"",""governor""]",ru,2026-03-19 18:39:39.830588+00
96,DaXue_season_health_principle,"If the Water element is unfavorable in one's BaZi chart, it may lead to panic attacks and unfounded fears during the DaXue season. One should control psychological state and add more warmth and joy to life.",classical,https://fourpillars.ru/articles/131,high,"[""season"",""element"",""Water"",""health"",""unfavorable""]",ru,2026-03-19 18:39:39.830588+00
97,DaXue_season_activity_timing,"During the DaXue season, it is better to go to bed early and wake up late, and begin active activities only after sunrise.",classical,https://fourpillars.ru/articles/131,high,"[""season"",""activity"",""timing"",""daily_rhythm""]",ru,2026-03-19 18:39:39.830588+00
98,DaXue_season_conservation_principle,"During this season, one should lose and give away less.",classical,https://fourpillars.ru/articles/131,high,"[""season"",""conservation"",""energy""]",ru,2026-03-19 18:39:39.830588+00
99,winter_kidney_principle,"In winter, the kidneys are in a flourishing phase, at maximum strength. It is especially important to preserve the Yang energy (warmth) in the kidneys.",classical,https://fourpillars.ru/articles/131,high,"[""season"",""winter"",""organ"",""kidney"",""Yang"",""energy""]",ru,2026-03-19 18:39:39.830588+00
100,DaXue_season_creativity_period,"The DaXue season is a very favorable time for developing creative abilities, attending cultural events, and creativity seminars. It is a good period for learning, trying new things, and creating beautiful things by hand.",classical,https://fourpillars.ru/articles/131,high,"[""season"",""creativity"",""learning"",""activity""]",ru,2026-03-19 18:39:39.830588+00
101,DaXue_season_family_connections,Use this time to strengthen contacts with relatives and family. Connection with family and lineage is powerful support and should not be neglected.,classical,https://fourpillars.ru/articles/131,high,"[""season"",""family"",""relationships"",""support""]",ru,2026-03-19 18:39:39.830588+00
102,Shi_er_zhi_shen,"12 Day Rulers method for date selection based on interaction between month and day, determining what should or should not be done according to the day's energy characteristics",classical,https://fourpillars.ru/sections/7,high,"[""day_ruler"",""date_selection"",""month_day_interaction""]",ru,2026-03-19 18:40:05.72589+00
103,Er_shi_ba_xing_xiu,"28 Chinese Lunar Mansions similar to zodiac constellations but smaller in size, used in date selection",classical,https://fourpillars.ru/sections/7,high,"[""lunar_mansion"",""constellation"",""date_selection""]",ru,2026-03-19 18:40:05.72589+00
104,Gong_xing_ri,"General Day Stars showing day's auspiciousness based on interaction between day and year, day and month, affecting luck for all people globally",classical,https://fourpillars.ru/sections/7,high,"[""day_star"",""general"",""year_month_interaction""]",ru,2026-03-19 18:40:05.72589+00
105,Si_ren_xing_ri,Personal Day Stars showing day's auspiciousness personally for each individual based on their BaZi horoscope,classical,https://fourpillars.ru/sections/7,high,"[""day_star"",""personal"",""bazi_horoscope""]",ru,2026-03-19 18:40:05.72589+00
106,Ji_xiong_shi_chen,"Selection of auspicious hours as important component of date selection art, where good hour can neutralize negative aspects of day",classical,https://fourpillars.ru/sections/7,high,"[""hour_selection"",""neutralization"",""auspicious_timing""]",ru,2026-03-19 18:40:05.72589+00
107,Er_shi_si_jie_qi,"24 Solar Terms dividing annual cycle into small seasons, each lasting 15-16 days, determining agricultural activities and traditional festivals",classical,https://fourpillars.ru/sections/7,high,"[""solar_term"",""seasonal"",""agricultural_calendar""]",ru,2026-03-19 18:40:05.72589+00
111,Shi_er_zhi_shen,12 Day Rulers method for date selection based on the interaction between the month and day pillars. The combination determines what should and should not be done on that day according to its energy characteristics.,classical,https://fourpillars.ru/sections/9,high,"[""date_selection"",""day_rulers"",""month_day_interaction""]",ru,2026-03-19 18:42:59.963353+00
112,28_lunar_mansions,"28 Chinese lunar mansions (constellations) used in date selection, analogous to but more numerous than the 12 Western zodiac constellations.",classical,https://fourpillars.ru/sections/9,high,"[""lunar_mansions"",""date_selection"",""constellations""]",ru,2026-03-19 18:42:59.963353+00
113,general_day_stars,"General Day Stars are additional factors showing the auspiciousness of a day based on interactions between day and year, and day and month. They affect luck for all people on Earth, unlike Personal Stars.",classical,https://fourpillars.ru/sections/9,high,"[""day_stars"",""auspiciousness"",""day_year_interaction"",""day_month_interaction""]",ru,2026-03-19 18:42:59.963353+00
114,auspicious_hour_selection,Selection of auspicious hours is an important component of date selection art. A good hour can neutralize the negativity of a day.,classical,https://fourpillars.ru/sections/9,high,"[""hour_selection"",""auspicious_timing"",""day_hour_interaction""]",ru,2026-03-19 18:42:59.963353+00
115,24_solar_terms,"24 solar terms of the Chinese calendar, each lasting 15-16 days. Used to determine agricultural activities, tea harvesting seasons, and traditional Chinese festivals.",classical,https://fourpillars.ru/sections/9,high,"[""solar_terms"",""calendar"",""agricultural_timing""]",ru,2026-03-19 18:42:59.963353+00
116,personal_day_stars,Personal Day Stars show the auspiciousness of a day personally for each individual based on their BaZi (Four Pillars) chart.,classical,https://fourpillars.ru/sections/9,high,"[""personal_stars"",""baZi_chart"",""individual_auspiciousness""]",ru,2026-03-19 18:42:59.963353+00
117,Deng_Shui_Xing,Method for activating the 'Money Star' - a combination of energies with potential to attract money. Location in any enclosed space and activation time are calculated using special techniques to find specific day and sector.,classical,https://fourpillars.ru/sections/8,medium,"[""activation"",""money_star"",""feng_shui"",""timing""]",ru,2026-03-19 18:43:24.867448+00
118,Shi_Er_Zhi_Shen,"12 Day Rulers method in date selection art, based on interaction between month and day. Determines what should and should not be done on a particular day according to its energy characteristics.",classical,https://fourpillars.ru/sections/8,high,"[""day_rulers"",""date_selection"",""month_day_interaction""]",ru,2026-03-19 18:43:24.867448+00
119,Er_Shi_Ba_Xiu,"28 Chinese Lunar Mansions, analogous to European zodiac constellations but smaller in magnitude (28 vs 12). Used in Chinese astrology.",classical,https://fourpillars.ru/sections/8,high,"[""lunar_mansions"",""constellations"",""astrology""]",ru,2026-03-19 18:43:24.867448+00
120,Tong_Xing_Ri,"General Day Stars - additional factors showing day's auspiciousness based on interaction between day and year, day and month. Affect luck of the day for all people on Earth (unlike Personal Stars).",classical,https://fourpillars.ru/sections/8,high,"[""day_stars"",""auspiciousness"",""day_year_interaction"",""day_month_interaction""]",ru,2026-03-19 18:43:24.867448+00
121,Ji_Shi_Xuan_Ze,Selection of auspicious hours as important component of date selection art. Good hour can neutralize negativity of the day.,classical,https://fourpillars.ru/sections/8,high,"[""hour_selection"",""timing"",""neutralization""]",ru,2026-03-19 18:43:24.867448+00
122,Er_Shi_Si_Jie_Qi,"24 Solar Terms dividing annual cycle into small seasons, each lasting 15-16 days. Used to determine start of agricultural work, tea harvesting seasons, and traditional Chinese holidays.",classical,https://fourpillars.ru/sections/8,high,"[""solar_terms"",""calendar"",""agricultural_timing""]",ru,2026-03-19 18:43:24.867448+00
123,Ge_Ren_Xing_Ri,Personal Day Stars showing day's auspiciousness personally for each individual based on their BaZi horoscope (unlike General Day Stars).,classical,https://fourpillars.ru/sections/8,high,"[""personal_stars"",""ba_zi"",""individual_auspiciousness""]",ru,2026-03-19 18:43:24.867448+00